id,name,email,password_hash,username,gender,status,mfa_enabled,created_at,updated_at
28,Dr. Smith,drsmith@example.com,x,dr.smith,PreferNot,Active,False,2025-10-28 12:03:05.456643+00:00,2025-10-28 12:03:05.456643+00:00
29,Dr. Jones,drjones@example.com,x,dr.jones,PreferNot,Active,False,2025-10-28 12:03:05.456643+00:00,2025-10-28 12:03:05.456643+00:00
30,Dr. Lee,drlee@example.com,x,dr.lee,PreferNot,Active,False,2025-10-28 12:03:05.456643+00:00,2025-10-28 12:03:05.456643+00:00
31,Dr. Patel,drpatel@example.com,x,dr.patel,PreferNot,Active,False,2025-10-28 12:03:05.456643+00:00,2025-10-28 12:03:05.456643+00:00
32,Dr. Nguyen,drnguyen@example.com,x,dr.nguyen,PreferNot,Active,False,2025-10-28 12:03:05.456643+00:00,2025-10-28 12:03:05.456643+00:00
33,Patient 1,patient1@example.com,x,patient1,PreferNot,Active,False,2025-10-28 12:03:05.456643+00:00,2025-10-28 12:03:05.456643+00:00
34,Patient 2,patient2@example.com,x,patient2,PreferNot,Active,False,2025-10-28 12:03:05.456643+00:00,2025-10-28 12:03:05.456643+00:00
35,Patient 3,patient3@example.com,x,patient3,PreferNot,Active,False,2025-10-28 12:03:05.456643+00:00,2025-10-28 12:03:05.456643+00:00
36,Patient 4,patient4@example.com,x,patient4,PreferNot,Active,False,2025-10-28 12:03:05.456643+00:00,2025-10-28 12:03:05.456643+00:00
37,Patient 5,patient5@example.com,x,patient5,PreferNot,Active,False,2025-10-28 12:03:05.456643+00:00,2025-10-28 12:03:05.456643+00:00
38,Patient 6,patient6@example.com,x,patient6,PreferNot,Active,False,2025-10-28 12:03:05.456643+00:00,2025-10-28 12:03:05.456643+00:00
39,Patient 7,patient7@example.com,x,patient7,PreferNot,Active,False,2025-10-28 12:03:05.456643+00:00,2025-10-28 12:03:05.456643+00:00
40,Patient 8,patient8@example.com,x,patient8,PreferNot,Active,False,2025-10-28 12:03:05.456643+00:00,2025-10-28 12:03:05.456643+00:00
41,Patient 9,patient9@example.com,x,patient9,PreferNot,Active,False,2025-10-28 12:03:05.456643+00:00,2025-10-28 12:03:05.456643+00:00
42,Patient 10,patient10@example.com,x,patient10,PreferNot,Active,False,2025-10-28 12:03:05.456643+00:00,2025-10-28 12:03:05.456643+00:00
43,Patient 11,patient11@example.com,x,patient11,PreferNot,Active,False,2025-10-28 12:03:05.456643+00:00,2025-10-28 12:03:05.456643+00:00
44,Patient 12,patient12@example.com,x,patient12,PreferNot,Active,False,2025-10-28 12:03:05.456643+00:00,2025-10-28 12:03:05.456643+00:00
45,Patient 13,patient13@example.com,x,patient13,PreferNot,Active,False,2025-10-28 12:03:05.456643+00:00,2025-10-28 12:03:05.456643+00:00
46,Patient 14,patient14@example.com,x,patient14,PreferNot,Active,False,2025-10-28 12:03:05.456643+00:00,2025-10-28 12:03:05.456643+00:00
47,Patient 15,patient15@example.com,x,patient15,PreferNot,Active,False,2025-10-28 12:03:05.456643+00:00,2025-10-28 12:03:05.456643+00:00
48,Patient 16,patient16@example.com,x,patient16,PreferNot,Active,False,2025-10-28 12:03:05.456643+00:00,2025-10-28 12:03:05.456643+00:00
49,Patient 17,patient17@example.com,x,patient17,PreferNot,Active,False,2025-10-28 12:03:05.456643+00:00,2025-10-28 12:03:05.456643+00:00
50,Patient 18,patient18@example.com,x,patient18,PreferNot,Active,False,2025-10-28 12:03:05.456643+00:00,2025-10-28 12:03:05.456643+00:00
51,Patient 19,patient19@example.com,x,patient19,PreferNot,Active,False,2025-10-28 12:03:05.456643+00:00,2025-10-28 12:03:05.456643+00:00
52,Patient 20,patient20@example.com,x,patient20,PreferNot,Active,False,2025-10-28 12:03:05.456643+00:00,2025-10-28 12:03:05.456643+00:00
1,Dr. Alice Smith,dr.alice@example.com,x,dr.alice,PreferNot,Active,False,2025-10-28 11:36:49.240140+00:00,2025-10-28 12:06:58.748490+00:00
2,John Doe,john.doe@example.com,x,john.doe,PreferNot,Active,False,2025-10-28 11:36:49.270101+00:00,2025-10-28 12:06:58.838552+00:00
